                  epoch,             train/loss,  metrics/accuracy_top1,  metrics/accuracy_top5,               val/loss,                 lr/pg0,                 lr/pg1,                 lr/pg2
                      1,                0.76818,                0.84149,                      1,                0.94763,                0.06931,                0.00031,                0.00031
                      2,                0.30129,                0.88845,                      1,                0.87439,               0.037614,             0.00061441,             0.00061441
                      3,                0.24582,                0.92368,                      1,                0.83643,               0.005903,             0.00090298,             0.00090298
                      4,                0.18843,                0.92368,                      1,                0.82703,             0.00092575,             0.00092575,             0.00092575
                      5,                0.20156,                0.92368,                      1,                0.83435,               0.000901,               0.000901,               0.000901
                      6,                0.17539,                0.95695,                      1,                0.80554,             0.00087625,             0.00087625,             0.00087625
                      7,                0.14072,                0.94521,                      1,                0.80859,              0.0008515,              0.0008515,              0.0008515
                      8,                 0.1204,                0.94912,                      1,                0.80054,             0.00082675,             0.00082675,             0.00082675
                      9,                0.11389,                0.96477,                      1,                0.78577,               0.000802,               0.000802,               0.000802
                     10,                0.11348,                0.97456,                      1,                0.78674,             0.00077725,             0.00077725,             0.00077725
                     11,                0.09225,                0.96477,                      1,                0.79431,              0.0007525,              0.0007525,              0.0007525
                     12,                0.07875,                0.96477,                      1,                0.78345,             0.00072775,             0.00072775,             0.00072775
                     13,                0.08772,                0.95303,                      1,                0.79541,               0.000703,               0.000703,               0.000703
                     14,                0.10283,                0.94521,                      1,                 0.8064,             0.00067825,             0.00067825,             0.00067825
                     15,                 0.0693,                 0.9726,                      1,                0.77942,              0.0006535,              0.0006535,              0.0006535
                     16,                0.07358,                0.95695,                      1,                0.79224,             0.00062875,             0.00062875,             0.00062875
                     17,                0.06007,                0.97456,                      1,                0.77393,               0.000604,               0.000604,               0.000604
                     18,                0.06048,                0.97065,                      1,                0.77722,             0.00057925,             0.00057925,             0.00057925
                     19,                 0.0685,                0.96086,                      1,                 0.7854,              0.0005545,              0.0005545,              0.0005545
                     20,                0.07355,                0.97847,                      1,                0.76929,             0.00052975,             0.00052975,             0.00052975
                     21,                 0.0632,                0.97456,                      1,                0.77344,               0.000505,               0.000505,               0.000505
                     22,                 0.0521,                0.97652,                      1,                0.77039,             0.00048025,             0.00048025,             0.00048025
                     23,                0.04968,                0.98239,                      1,                0.76709,              0.0004555,              0.0004555,              0.0004555
                     24,                0.05824,                 0.9726,                      1,                0.77783,             0.00043075,             0.00043075,             0.00043075
                     25,                0.04511,                0.98239,                      1,                0.76477,               0.000406,               0.000406,               0.000406
                     26,                0.04278,                 0.9726,                      1,                0.77576,             0.00038125,             0.00038125,             0.00038125
                     27,                0.03265,                0.97847,                      1,                0.76758,              0.0003565,              0.0003565,              0.0003565
                     28,                0.03921,                0.97652,                      1,                0.77026,             0.00033175,             0.00033175,             0.00033175
                     29,                0.03355,                0.98239,                      1,                0.76416,               0.000307,               0.000307,               0.000307
                     30,                 0.0327,                0.97456,                      1,                0.77307,             0.00028225,             0.00028225,             0.00028225
                     31,                0.02103,                0.98043,                      1,                0.76746,              0.0002575,              0.0002575,              0.0002575
                     32,                0.02881,                0.97652,                      1,                0.77063,             0.00023275,             0.00023275,             0.00023275
                     33,                0.03765,                 0.9726,                      1,                0.77307,               0.000208,               0.000208,               0.000208
                     34,                0.03215,                0.98434,                      1,                0.76526,             0.00018325,             0.00018325,             0.00018325
                     35,                0.02593,                0.97652,                      1,                0.76721,              0.0001585,              0.0001585,              0.0001585
                     36,                0.02545,                0.99022,                      1,                0.75916,             0.00013375,             0.00013375,             0.00013375
                     37,                0.01961,                0.98826,                      1,                0.76086,               0.000109,               0.000109,               0.000109
                     38,                 0.0206,                 0.9863,                      1,                0.76416,              8.425e-05,              8.425e-05,              8.425e-05
                     39,                0.02945,                0.99022,                      1,                0.76038,               5.95e-05,               5.95e-05,               5.95e-05
                     40,                0.02365,                 0.9863,                      1,                0.76099,              3.475e-05,              3.475e-05,              3.475e-05
