                  epoch,         train/box_loss,         train/cls_loss,         train/dfl_loss,   metrics/precision(B),      metrics/recall(B),       metrics/mAP50(B),    metrics/mAP50-95(B),           val/box_loss,           val/cls_loss,           val/dfl_loss,                 lr/pg0,                 lr/pg1,                 lr/pg2
                      1,                 1.7507,                  2.191,                 1.6127,                0.44522,                0.39941,                0.35475,                0.15127,                 1.6372,                 7.0742,                 1.5649,               0.067034,             0.00033299,             0.00033299
                      2,                 1.7109,                  1.921,                 1.5872,                0.54422,                0.40504,                0.41277,                0.19015,                 1.5532,                  3.624,                 1.4183,               0.034012,             0.00064433,             0.00064433
                      3,                 1.6956,                 1.8504,                 1.5628,                0.48792,                0.44371,                0.44321,                0.19952,                 1.5014,                 9.8911,                 1.3311,             0.00096804,             0.00093368,             0.00093368
                      4,                 1.6627,                  1.763,                  1.542,                0.51814,                0.47536,                0.48551,                0.22908,                 1.4271,                 5.6342,                  1.264,               0.000901,               0.000901,               0.000901
                      5,                 1.6256,                 1.6798,                 1.5168,                0.56379,                0.48683,                  0.521,                0.25358,                 1.3667,                 4.8935,                  1.229,               0.000868,               0.000868,               0.000868
                      6,                 1.5922,                 1.6267,                 1.4865,                0.57247,                0.53611,                0.56344,                0.27587,                  1.377,                 7.2838,                 1.2585,               0.000835,               0.000835,               0.000835
                      7,                 1.5826,                 1.5891,                 1.4828,                0.53337,                0.53543,                0.55136,                0.28421,                 1.3407,                 10.206,                 1.2193,               0.000802,               0.000802,               0.000802
                      8,                 1.5562,                 1.5498,                 1.4685,                0.59711,                0.53858,                0.58017,                  0.294,                 1.3417,                 3.1814,                 1.2257,               0.000769,               0.000769,               0.000769
                      9,                 1.5452,                 1.5283,                 1.4511,                0.61803,                0.55897,                0.59939,                0.31382,                 1.3252,                 2.2296,                 1.2022,               0.000736,               0.000736,               0.000736
                     10,                  1.532,                 1.4949,                 1.4488,                0.62592,                 0.5707,                 0.6055,                0.31494,                 1.3609,                 2.9861,                 1.2476,               0.000703,               0.000703,               0.000703
                     11,                 1.5238,                 1.4638,                 1.4368,                0.62809,                0.59546,                0.62788,                0.33537,                 1.2911,                 3.4975,                  1.173,                0.00067,                0.00067,                0.00067
                     12,                 1.5106,                 1.4331,                  1.426,                 0.6308,                0.55926,                0.62048,                0.33305,                 1.2732,                 3.5531,                 1.1658,               0.000637,               0.000637,               0.000637
                     13,                 1.4953,                 1.4129,                 1.4184,                0.62903,                0.60721,                0.63264,                0.33864,                 1.2805,                 1.7942,                 1.1659,               0.000604,               0.000604,               0.000604
                     14,                 1.4704,                 1.3906,                 1.4076,                0.65354,                0.61245,                0.66196,                0.36193,                 1.2698,                 2.3381,                 1.1568,               0.000571,               0.000571,               0.000571
                     15,                 1.4731,                 1.3729,                 1.3981,                0.67465,                0.60239,                0.66841,                0.36874,                 1.2485,                  2.114,                 1.1428,               0.000538,               0.000538,               0.000538
                     16,                 1.4541,                 1.3436,                 1.3867,                0.68379,                0.62025,                0.67406,                0.36823,                 1.2456,                 1.8409,                 1.1387,               0.000505,               0.000505,               0.000505
                     17,                 1.4549,                 1.3347,                 1.3872,                0.66651,                 0.6228,                0.67704,                0.36902,                 1.2385,                  1.823,                 1.1271,               0.000472,               0.000472,               0.000472
                     18,                 1.4358,                 1.3196,                 1.3741,                0.67559,                 0.6281,                0.68991,                0.37626,                  1.235,                 1.6567,                 1.1294,               0.000439,               0.000439,               0.000439
                     19,                 1.4289,                 1.2936,                 1.3726,                0.69089,                0.63326,                0.69883,                0.39074,                 1.2199,                 1.9669,                  1.121,               0.000406,               0.000406,               0.000406
